dateTime,Humidity_%,PM1.0_CF1_ug/m3,PM10.0_CF1_ug/m3,PM2.5_ATM_ug/m3,PM2.5_CF1_ug/m3,Pressure_hpa,RSSI_dbm,Temperature_F,UptimeMinutes,location,Longitude,Latitude,location_type,date
2020-04-16,65.05,1.76,5.91,4.64,4.64,,-57.76,60.11,61245.0,Alamo Square ,-122.433174,37.77509,outside ,2020-04-16
2020-04-16,59.66,3.07,6.83,4.96,5.17,,-53.52,61.68,26941.0,19th St & Guerrero St  ,-122.424406,37.760688,outside ,2020-04-16
2020-04-16,,2.49,6.62,5.05,5.06,1010.77,,,18992.12,Civic Center,122.44284,37.783122,ish B ,2020-04-16
2020-04-16,60.36,1.37,4.8,3.19,3.19,,-59.4,61.66,61241.0,Castro ,-122.439463,37.761385,outside ,2020-04-16
2020-04-16,,1.57,5.88,3.98,3.98,679.76,,,19360.64,25 Short Street _ Kite Hill ,122.44284,37.757645,exterior B ,2020-04-16
2020-04-16,62.91,2.64,9.57,5.99,6.74,,-58.69,62.3,6638.0,Castle Bosworth ,-122.429299,37.7333,outside ,2020-04-16
2020-04-16,55.61,2.55,5.67,4.46,4.46,,-67.22,63.81,61227.0,930 Post ,-122.417252,37.787307,outside ,2020-04-16
2020-04-16,58.78,1.94,5.92,4.01,4.01,,-56.93,65.24,61225.0,23rd & Lake ,-122.482905,37.785605,outside ,2020-04-16
2020-04-16,63.52,2.17,6.45,4.55,4.67,,-64.31,60.7,16947.0,66 Cumberland Street ,-122.425023,37.759338,outside ,2020-04-16
2020-04-16,66.33,1.73,5.08,4.3,4.3,,-52.33,62.53,26560.0,45th Ave-MR ,-122.50442,37.751562,outside ,2020-04-16
2020-04-16,60.1,1.69,7.82,4.4,4.4,,-68.28,63.89,29585.0,Central SOMA ,-122.394992,37.778191,outside ,2020-04-16
2020-04-16,,1.42,5.71,3.9,3.9,,-55.63,,15513.0,Bernal Heights ,-122.415075,37.74154,outside ,2020-04-16
2020-04-16,59.64,1.49,5.33,3.88,3.97,,-54.37,65.12,54201.0,Bernal Breathe ,-122.415778,37.746024,outside ,2020-04-16
2020-04-16,64.9,2.11,6.94,4.69,4.73,,-65.47,60.49,6046.0,Cole Valley ,-122.448009,37.764131,outside ,2020-04-16
2020-04-16,96.56,1.34,4.93,3.24,3.24,,-65.59,62.59,15489.0,25 Short Street _ Kite Hill ,122.44284,37.757645,exterior ,2020-04-16
2020-04-16,38.24,0.07,0.56,0.3,0.3,,-68.67,76.34,11605.0,CalOctaviaOutside ,-122.427562,37.790083,outside ,2020-04-16
2020-04-16,62.96,1.4,6.73,3.95,3.98,,-39.05,62.27,61239.0,By Balboa Park Pool ,-122.44277,37.72714,outside ,2020-04-16
2020-04-16,97.0,1.5,5.54,3.5,3.52,,-57.84,61.94,61233.0,24th and Diamond ,-122.436945,37.751396,outside ,2020-04-16
2020-04-16,100.0,1.69,7.26,4.33,4.33,,-77.97,58.19,9962.0,36th and Shore View ,-122.49714,37.780317,outside ,2020-04-16
2020-04-16,35.88,1.85,3.01,2.85,2.85,,-70.85,70.98,54132.0,#SFAQ10 ,-122.439245,37.722417,outside ,2020-04-16
2020-04-16,70.12,1.59,5.31,3.75,3.75,,-61.7,58.12,8036.0,BRSKBV-Outside ,-122.44367,37.753377,outside ,2020-04-16
2020-04-16,61.93,1.28,4.64,3.3,3.3,,-48.05,61.35,5957.01,3318 Folsom St. ,-122.413597,37.744755,outside ,2020-04-16
2020-04-16,63.8,1.33,5.54,3.25,3.25,,-73.61,62.42,34244.0,Castro-28th ,-122.433376,37.744437,outside ,2020-04-16
2020-04-16,61.42,1.54,6.25,4.27,4.27,,-56.38,61.43,21633.0,132 Germania St ,-122.4308,37.77074,outside ,2020-04-16
2020-04-16,54.65,1.5,7.37,4.33,4.34,,-76.05,65.05,31213.0,2169 Mission Street ,-122.418969,37.762414,outside ,2020-04-16
2020-04-16,64.22,2.11,8.24,5.73,5.73,,-54.59,61.7,61273.08,Alamosquare ,-122.430259,37.773312,outside ,2020-04-16
2020-04-16,63.04,0.64,3.48,2.16,2.16,,-80.51,61.16,630.69,Cole Valley ,-122.452159,37.760916,outside ,2020-04-16
2020-04-16,65.3,1.83,6.4,4.13,4.13,,-41.44,61.86,61241.54,21stAtClement ,-122.480087,37.781643,outside ,2020-04-16
2020-04-16,56.37,2.39,5.73,4.69,4.7,,-63.78,64.88,42859.0,Civic Center,122.44284,37.783122,ish ,2020-04-16
2020-04-16,54.92,2.55,5.84,4.66,4.66,,-62.51,64.95,61233.0,17th Ave ,-122.476532,37.78119,outside ,2020-04-16
2020-04-16,66.94,1.21,6.13,3.55,3.55,,-78.2,60.08,18981.0,Buena Vista ,-122.441907,37.765604,outside ,2020-04-16
2020-04-16,,,,,,,,,,499 Illinois St ,-122.387161,37.766008,outside ,2020-04-16
2020-04-16,59.35,1.43,7.77,3.96,3.96,,-71.62,62.58,61272.0,27 Scott ,-122.435321,37.769415,outside ,2020-04-16
2020-04-16,,,,,,,,,,46 Hours ,-122.408059,37.751262,outside ,2020-04-16
2020-04-17,52.77,3.0,5.19,4.57,4.6,,-66.51,64.18,44299.0,Civic Center,122.44284,37.783122,ish ,2020-04-17
2020-04-17,,,,,,,,,,46 Hours ,-122.408059,37.751262,outside ,2020-04-17
2020-04-17,57.88,2.39,5.93,4.66,4.66,,-54.91,62.08,62714.0,Alamosquare ,-122.430259,37.773312,outside ,2020-04-17
2020-04-17,97.59,2.41,5.74,4.18,4.18,,-78.36,58.13,11402.0,36th and Shore View ,-122.49714,37.780317,outside ,2020-04-17
2020-04-17,59.39,2.09,4.82,4.11,4.11,,-57.85,60.18,62685.0,Alamo Square ,-122.433174,37.77509,outside ,2020-04-17
2020-04-17,56.3,1.93,4.23,3.46,3.46,,-49.87,61.24,675.65,3318 Folsom St. ,-122.413597,37.744755,outside ,2020-04-17
2020-04-17,,,,,,,,,,499 Illinois St ,-122.387161,37.766008,outside ,2020-04-17
2020-04-17,55.46,1.63,5.4,3.37,3.37,,-70.77,61.68,62712.0,27 Scott ,-122.435321,37.769415,outside ,2020-04-17
2020-04-17,58.55,1.97,4.32,3.25,3.25,,-64.65,62.3,35684.0,Castro-28th ,-122.433376,37.744437,outside ,2020-04-17
2020-04-17,57.03,2.16,5.17,4.08,4.08,,-56.42,60.94,23073.0,132 Germania St ,-122.4308,37.77074,outside ,2020-04-17
2020-04-17,52.13,1.9,5.51,3.85,3.87,,-75.2,63.92,32653.0,2169 Mission Street ,-122.418969,37.762414,outside ,2020-04-17
2020-04-17,,2.16,4.7,3.83,3.83,,-52.76,,16953.0,Bernal Heights ,-122.415075,37.74154,outside ,2020-04-17
2020-04-17,22.31,1.53,2.81,2.62,2.62,,-71.03,73.72,55572.0,#SFAQ10 ,-122.439245,37.722417,outside ,2020-04-17
2020-04-17,57.11,3.17,6.94,5.1,5.1,,-67.71,62.59,31025.0,Central SOMA ,-122.394992,37.778191,outside ,2020-04-17
2020-04-17,50.38,2.74,4.76,4.05,4.06,,-62.12,64.74,62673.0,17th Ave ,-122.476532,37.78119,outside ,2020-04-17
2020-04-17,59.87,2.42,5.46,4.16,4.16,,-40.56,61.91,62681.0,21stAtClement ,-122.480087,37.781643,outside ,2020-04-17
2020-04-17,55.61,2.43,4.57,3.74,3.74,,-53.98,61.28,28381.0,19th St & Guerrero St  ,-122.424406,37.760688,outside ,2020-04-17
2020-04-17,62.54,2.07,4.56,3.66,3.67,,-62.55,59.05,9476.0,BRSKBV-Outside ,-122.44367,37.753377,outside ,2020-04-17
2020-04-17,57.38,2.12,4.96,3.78,3.78,,-57.64,62.53,8078.0,Castle Bosworth ,-122.429299,37.7333,outside ,2020-04-17
2020-04-17,51.13,3.21,5.23,4.54,4.55,,-66.57,63.57,62667.0,930 Post ,-122.417252,37.787307,outside ,2020-04-17
2020-04-17,59.91,2.71,5.69,4.48,4.48,,-65.34,60.41,7486.0,Cole Valley ,-122.448009,37.764131,outside ,2020-04-17
2020-04-17,58.51,1.15,3.46,2.6,2.6,,-80.41,61.44,539.49,Cole Valley ,-122.452159,37.760916,outside ,2020-04-17
2020-04-17,54.46,2.45,4.86,3.85,3.85,,-56.38,65.06,62665.0,23rd & Lake ,-122.482905,37.785605,outside ,2020-04-17
2020-04-17,58.67,2.28,5.04,4.01,4.01,,-63.35,60.59,18387.0,66 Cumberland Street ,-122.425023,37.759338,outside ,2020-04-17
2020-04-17,61.75,2.84,5.6,5.01,5.01,,-53.64,62.32,28000.0,45th Ave-MR ,-122.50442,37.751562,outside ,2020-04-17
2020-04-17,89.28,1.94,4.07,3.29,3.32,,-64.33,64.34,16929.0,25 Short Street _ Kite Hill ,122.44284,37.757645,exterior ,2020-04-17
2020-04-17,54.9,1.88,4.24,3.49,3.49,,-54.78,65.08,55641.0,Bernal Breathe ,-122.415778,37.746024,outside ,2020-04-17
2020-04-17,62.75,1.78,4.91,3.43,3.43,,-78.29,59.41,20421.0,Buena Vista ,-122.441907,37.765604,outside ,2020-04-17
2020-04-17,36.38,0.02,0.32,0.15,0.15,,-69.13,74.65,13044.46,CalOctaviaOutside ,-122.427562,37.790083,outside ,2020-04-17
2020-04-17,58.17,2.16,6.26,4.31,4.41,,-39.2,62.34,62679.0,By Balboa Park Pool ,-122.44277,37.72714,outside ,2020-04-17
2020-04-17,88.81,2.11,4.56,3.5,3.5,,-58.35,62.82,62673.0,24th and Diamond ,-122.436945,37.751396,outside ,2020-04-17
2020-04-17,54.79,2.11,4.22,3.37,3.37,,-60.39,62.09,62681.0,Castro ,-122.439463,37.761385,outside ,2020-04-17
2020-04-17,,3.06,5.54,4.7,4.74,1010.57,,,19004.39,Civic Center,122.44284,37.783122,ish B ,2020-04-17
2020-04-17,,2.08,4.81,3.8,3.82,682.17,,,19370.31,25 Short Street _ Kite Hill ,122.44284,37.757645,exterior B ,2020-04-17
2020-04-18,46.77,3.73,9.79,6.45,7.9,,-54.2,67.02,57081.0,Bernal Breathe ,-122.415778,37.746024,outside ,2020-04-18
2020-04-18,48.11,1.83,5.38,3.77,3.79,,-39.9,65.45,64119.0,By Balboa Park Pool ,-122.44277,37.72714,outside ,2020-04-18
2020-04-18,51.9,1.99,4.58,3.64,3.64,,-62.72,61.25,10916.0,BRSKBV-Outside ,-122.44367,37.753377,outside ,2020-04-18
2020-04-18,43.8,2.55,4.6,4.01,4.01,,-64.9,66.64,45739.0,Civic Center,122.44284,37.783122,ish ,2020-04-18
2020-04-18,74.1,1.91,4.12,3.29,3.3,,-65.88,65.39,18369.0,25 Short Street _ Kite Hill ,122.44284,37.757645,exterior ,2020-04-18
2020-04-18,,,,,,,,,,46 Hours ,-122.408059,37.751262,outside ,2020-04-18
2020-04-18,76.99,1.96,4.55,3.34,3.34,,-60.99,63.66,64113.0,24th and Diamond ,-122.436945,37.751396,outside ,2020-04-18
2020-04-18,50.53,2.9,6.13,4.81,4.84,,-65.81,63.03,8926.0,Cole Valley ,-122.448009,37.764131,outside ,2020-04-18
2020-04-18,52.64,1.03,3.31,2.41,2.41,,-79.04,62.5,520.47,Cole Valley ,-122.452159,37.760916,outside ,2020-04-18
2020-04-18,42.91,2.76,4.93,4.18,4.18,,-62.01,66.82,64113.0,17th Ave ,-122.476532,37.78119,outside ,2020-04-18
2020-04-18,32.97,0.15,0.61,0.37,0.37,,-68.7,75.03,14482.52,CalOctaviaOutside ,-122.427562,37.790083,outside ,2020-04-18
2020-04-18,34.53,2.25,3.86,3.64,3.64,,-67.81,71.54,57012.0,#SFAQ10 ,-122.439245,37.722417,outside ,2020-04-18
2020-04-18,83.46,2.91,6.4,4.68,4.78,,-78.63,60.41,12841.11,36th and Shore View ,-122.49714,37.780317,outside ,2020-04-18
2020-04-18,46.93,1.89,4.33,3.49,3.49,,-50.69,64.3,2110.0,3318 Folsom St. ,-122.413597,37.744755,outside ,2020-04-18
2020-04-18,47.36,4.57,10.34,7.2,8.34,,-54.37,62.9,29821.0,19th St & Guerrero St  ,-122.424406,37.760688,outside ,2020-04-18
2020-04-18,,,,,,,,,,499 Illinois St ,-122.387161,37.766008,outside ,2020-04-18
2020-04-18,,2.54,4.89,4.09,4.09,1014.0,,,18986.41,Civic Center,122.44284,37.783122,ish B ,2020-04-18
2020-04-18,45.79,2.05,4.23,3.32,3.32,,-59.59,64.62,64121.0,Castro ,-122.439463,37.761385,outside ,2020-04-18
2020-04-18,,1.97,4.84,3.78,3.78,682.67,,,19353.09,25 Short Street _ Kite Hill ,122.44284,37.757645,exterior B ,2020-04-18
2020-04-18,47.85,2.0,4.95,3.75,3.75,,-57.9,64.78,9518.0,Castle Bosworth ,-122.429299,37.7333,outside ,2020-04-18
2020-04-18,42.42,3.06,5.09,4.38,4.38,,-67.7,66.16,64107.0,930 Post ,-122.417252,37.787307,outside ,2020-04-18
2020-04-18,46.98,3.47,6.43,5.24,5.25,,-54.51,67.06,64105.0,23rd & Lake ,-122.482905,37.785605,outside ,2020-04-18
2020-04-18,50.79,2.97,6.13,5.45,5.45,,-53.62,66.86,29440.0,45th Ave-MR ,-122.50442,37.751562,outside ,2020-04-18
2020-04-18,54.05,1.56,4.7,3.2,3.2,,-77.95,61.07,21861.0,Buena Vista ,-122.441907,37.765604,outside ,2020-04-18
2020-04-18,50.14,2.4,5.36,4.29,4.29,,-65.59,62.14,19827.0,66 Cumberland Street ,-122.425023,37.759338,outside ,2020-04-18
2020-04-18,49.0,2.4,6.16,4.79,4.79,,-54.6,63.84,64154.0,Alamosquare ,-122.430259,37.773312,outside ,2020-04-18
2020-04-18,44.61,1.89,5.78,4.01,4.01,,-73.92,65.75,34093.0,2169 Mission Street ,-122.418969,37.762414,outside ,2020-04-18
2020-04-18,49.37,2.27,5.1,3.75,3.77,,-63.61,64.4,37124.0,Castro-28th ,-122.433376,37.744437,outside ,2020-04-18
2020-04-18,,2.07,4.81,3.8,3.8,,-53.68,,18393.0,Bernal Heights ,-122.415075,37.74154,outside ,2020-04-18
2020-04-18,50.74,2.42,5.59,4.2,4.2,,-41.89,64.61,64121.0,21stAtClement ,-122.480087,37.781643,outside ,2020-04-18
2020-04-18,48.39,2.02,5.1,3.92,3.92,,-56.71,62.91,24513.0,132 Germania St ,-122.4308,37.77074,outside ,2020-04-18
2020-04-18,49.09,2.0,4.77,4.01,4.01,,-58.31,62.7,64125.0,Alamo Square ,-122.433174,37.77509,outside ,2020-04-18
2020-04-18,45.98,1.51,5.53,3.33,3.33,,-72.84,64.87,64152.0,27 Scott ,-122.435321,37.769415,outside ,2020-04-18
2020-04-18,47.14,4.42,8.37,6.4,6.4,,-67.33,65.35,32465.0,Central SOMA ,-122.394992,37.778191,outside ,2020-04-18
2020-04-19,37.25,2.68,4.67,4.31,4.31,,-69.55,68.15,58452.0,#SFAQ10 ,-122.439245,37.722417,outside ,2020-04-19
2020-04-19,50.98,2.72,5.07,4.15,4.15,,-59.82,67.32,65545.0,23rd & Lake ,-122.482905,37.785605,outside ,2020-04-19
2020-04-19,52.34,2.66,6.08,4.9,4.9,,-56.15,63.26,25953.0,132 Germania St ,-122.4308,37.77074,outside ,2020-04-19
2020-04-19,,,,,,,,,,499 Illinois St ,-122.387161,37.766008,outside ,2020-04-19
2020-04-19,48.55,2.61,6.66,4.92,4.95,,-74.39,65.72,35533.0,2169 Mission Street ,-122.418969,37.762414,outside ,2020-04-19
2020-04-19,55.09,2.8,5.84,4.8,4.81,,-66.33,61.8,21267.0,66 Cumberland Street ,-122.425023,37.759338,outside ,2020-04-19
2020-04-19,,2.63,5.7,4.57,4.57,680.85,,,19371.82,25 Short Street _ Kite Hill ,122.44284,37.757645,exterior B ,2020-04-19
2020-04-19,,3.35,5.9,5.1,5.12,1015.6,,,18990.99,Civic Center,122.44284,37.783122,ish B ,2020-04-19
2020-04-19,47.25,3.33,5.54,4.83,4.83,,-62.28,66.64,65553.0,17th Ave ,-122.476532,37.78119,outside ,2020-04-19
2020-04-19,51.62,2.57,5.83,4.74,4.89,,-49.65,66.61,58521.64,Bernal Breathe ,-122.415778,37.746024,outside ,2020-04-19
2020-04-19,89.38,3.07,6.27,4.84,4.85,,-78.5,61.79,14282.0,36th and Shore View ,-122.49714,37.780317,outside ,2020-04-19
2020-04-19,57.04,2.71,5.76,4.45,4.5,,-62.42,63.02,38564.0,Castro-28th ,-122.433376,37.744437,outside ,2020-04-19
2020-04-19,51.31,2.53,5.71,4.56,4.56,,-58.43,65.43,10763.77,Castle Bosworth ,-122.429299,37.7333,outside ,2020-04-19
2020-04-19,49.72,2.48,4.74,3.88,3.88,,-60.03,64.83,65561.0,Castro ,-122.439463,37.761385,outside ,2020-04-19
2020-04-19,44.87,4.18,6.67,5.84,5.89,,-67.15,67.13,65547.0,930 Post ,-122.417252,37.787307,outside ,2020-04-19
2020-04-19,51.41,4.52,8.38,6.49,7.18,,-53.51,63.13,31261.0,19th St & Guerrero St  ,-122.424406,37.760688,outside ,2020-04-19
2020-04-19,54.04,2.53,5.52,4.8,4.8,,-59.25,62.39,65565.0,Alamo Square ,-122.433174,37.77509,outside ,2020-04-19
2020-04-19,55.25,2.98,6.02,5.38,5.38,,-52.75,67.07,30880.0,45th Ave-MR ,-122.50442,37.751562,outside ,2020-04-19
2020-04-19,57.98,1.41,4.0,3.07,3.07,,-78.78,61.38,1793.21,Cole Valley ,-122.452159,37.760916,outside ,2020-04-19
2020-04-19,,,,,,,,,,46 Hours ,-122.408059,37.751262,outside ,2020-04-19
2020-04-19,47.88,3.26,5.6,4.98,4.99,,-64.56,66.9,47179.0,Civic Center,122.44284,37.783122,ish ,2020-04-19
2020-04-19,50.99,2.51,6.83,4.65,4.73,,-72.87,64.86,65592.0,27 Scott ,-122.435321,37.769415,outside ,2020-04-19
2020-04-19,54.19,2.57,5.66,4.39,4.39,,-43.19,64.99,65561.0,21stAtClement ,-122.480087,37.781643,outside ,2020-04-19
2020-04-19,54.49,3.13,7.07,5.7,5.75,,-54.54,63.32,65594.0,Alamosquare ,-122.430259,37.773312,outside ,2020-04-19
2020-04-19,57.44,2.28,5.76,4.2,4.2,,-77.87,61.89,23301.0,Buena Vista ,-122.441907,37.765604,outside ,2020-04-19
2020-04-19,86.71,2.64,5.59,4.47,4.47,,-59.54,62.27,65553.0,24th and Diamond ,-122.436945,37.751396,outside ,2020-04-19
2020-04-19,52.75,2.26,5.83,4.26,4.28,,-39.24,65.5,65559.0,By Balboa Park Pool ,-122.44277,37.72714,outside ,2020-04-19
2020-04-19,57.33,2.41,5.14,4.23,4.23,,-62.57,61.09,12356.0,BRSKBV-Outside ,-122.44367,37.753377,outside ,2020-04-19
2020-04-19,34.72,0.04,0.42,0.22,0.22,,-68.04,75.33,15924.99,CalOctaviaOutside ,-122.427562,37.790083,outside ,2020-04-19
2020-04-19,52.08,2.61,5.36,4.48,4.49,,-53.37,64.53,3550.0,3318 Folsom St. ,-122.413597,37.744755,outside ,2020-04-19
2020-04-19,88.1,2.43,4.76,3.9,3.9,,-67.12,63.15,19809.0,25 Short Street _ Kite Hill ,122.44284,37.757645,exterior ,2020-04-19
2020-04-19,55.11,3.18,6.39,5.16,5.16,,-67.0,63.03,10366.0,Cole Valley ,-122.448009,37.764131,outside ,2020-04-19
2020-04-19,,2.87,5.98,4.97,4.98,,-53.74,,19833.0,Bernal Heights ,-122.415075,37.74154,outside ,2020-04-19
2020-04-19,50.58,2.77,6.66,4.83,4.83,,-67.8,66.09,33905.0,Central SOMA ,-122.394992,37.778191,outside ,2020-04-19
2020-04-20,56.39,1.21,3.31,2.56,2.56,,-79.48,61.14,474.78,Cole Valley ,-122.452159,37.760916,outside ,2020-04-20
2020-04-20,83.4,2.26,4.29,3.57,3.58,,-65.89,62.96,21249.0,25 Short Street _ Kite Hill ,122.44284,37.757645,exterior ,2020-04-20
2020-04-20,52.94,2.54,5.13,4.23,4.23,,-61.98,61.31,22707.0,66 Cumberland Street ,-122.425023,37.759338,outside ,2020-04-20
2020-04-20,45.86,3.89,6.21,5.57,5.65,,-65.52,66.43,48619.0,Civic Center,122.44284,37.783122,ish ,2020-04-20
2020-04-20,52.42,2.37,4.94,3.9,3.9,,-43.99,64.22,67001.0,21stAtClement ,-122.480087,37.781643,outside ,2020-04-20
2020-04-20,87.17,2.52,4.76,3.78,3.81,,-60.52,62.29,66994.7,24th and Diamond ,-122.436945,37.751396,outside ,2020-04-20
2020-04-20,52.12,2.65,4.99,4.47,4.49,,-53.64,66.24,32320.0,45th Ave-MR ,-122.50442,37.751562,outside ,2020-04-20
2020-04-20,,2.53,4.93,4.15,4.15,,-54.15,,21272.39,Bernal Heights ,-122.415075,37.74154,outside ,2020-04-20
2020-04-20,48.8,2.09,4.24,3.56,3.55,,-54.44,64.11,4990.0,3318 Folsom St. ,-122.413597,37.744755,outside ,2020-04-20
2020-04-20,,3.87,6.35,5.56,5.64,1015.82,,,18984.11,Civic Center,122.44284,37.783122,ish B ,2020-04-20
2020-04-20,49.84,2.47,4.36,3.63,3.63,,-55.84,66.4,66985.0,23rd & Lake ,-122.482905,37.785605,outside ,2020-04-20
2020-04-20,54.14,2.27,4.56,3.81,3.82,,-61.98,61.11,13796.0,BRSKBV-Outside ,-122.44367,37.753377,outside ,2020-04-20
2020-04-20,37.61,14.85,29.4,20.02,27.43,,-70.07,71.53,59894.58,#SFAQ10 ,-122.439245,37.722417,outside ,2020-04-20
2020-04-20,49.15,2.58,5.16,4.24,4.24,,-59.5,65.07,744.0,Castle Bosworth ,-122.429299,37.7333,outside ,2020-04-20
2020-04-20,46.54,2.25,5.76,4.21,4.24,,-74.3,65.68,11889.65,2169 Mission Street ,-122.418969,37.762414,outside ,2020-04-20
2020-04-20,50.08,2.34,5.09,4.15,4.15,,-56.27,62.88,27393.0,132 Germania St ,-122.4308,37.77074,outside ,2020-04-20
2020-04-20,43.42,3.53,5.53,4.84,4.89,,-67.33,66.59,66987.0,930 Post ,-122.417252,37.787307,outside ,2020-04-20
2020-04-20,52.15,2.97,6.24,5.07,5.2,,-54.46,63.09,67033.26,Alamosquare ,-122.430259,37.773312,outside ,2020-04-20
2020-04-20,80.9,3.04,5.59,4.43,4.55,,-78.29,62.32,15722.0,36th and Shore View ,-122.49714,37.780317,outside ,2020-04-20
2020-04-20,49.53,2.99,5.88,4.8,5.08,,-47.35,65.98,59960.41,Bernal Breathe ,-122.415778,37.746024,outside ,2020-04-20
2020-04-20,54.51,2.16,5.1,3.81,3.81,,-77.02,62.12,24741.0,Buena Vista ,-122.441907,37.765604,outside ,2020-04-20
2020-04-20,50.22,2.02,5.18,3.78,3.83,,-40.62,64.92,66999.0,By Balboa Park Pool ,-122.44277,37.72714,outside ,2020-04-20
2020-04-20,33.88,0.1,0.48,0.27,0.27,,-68.61,75.32,17362.56,CalOctaviaOutside ,-122.427562,37.790083,outside ,2020-04-20
2020-04-20,53.03,3.0,5.79,4.74,4.74,,-64.56,62.13,11806.0,Cole Valley ,-122.448009,37.764131,outside ,2020-04-20
2020-04-20,48.13,1.7,5.04,3.35,3.35,,-73.74,64.37,67031.39,27 Scott ,-122.435321,37.769415,outside ,2020-04-20
2020-04-20,52.05,2.15,4.6,3.99,3.99,,-57.87,61.82,67005.0,Alamo Square ,-122.433174,37.77509,outside ,2020-04-20
2020-04-20,,2.29,4.94,4.03,4.03,680.78,,,19354.99,25 Short Street _ Kite Hill ,122.44284,37.757645,exterior B ,2020-04-20
2020-04-20,52.7,2.24,4.5,3.49,3.49,,-62.84,63.61,40003.64,Castro-28th ,-122.433376,37.744437,outside ,2020-04-20
2020-04-20,,,,,,,,,,499 Illinois St ,-122.387161,37.766008,outside ,2020-04-20
2020-04-20,44.7,2.66,4.35,3.8,3.8,,-62.35,66.67,66993.0,17th Ave ,-122.476532,37.78119,outside ,2020-04-20
2020-04-20,48.26,2.28,4.13,3.42,3.42,,-59.97,64.02,66999.27,Castro ,-122.439463,37.761385,outside ,2020-04-20
2020-04-20,48.89,2.98,4.91,4.24,4.24,,-53.16,63.12,32701.86,19th St & Guerrero St  ,-122.424406,37.760688,outside ,2020-04-20
2020-04-20,48.42,2.61,5.93,4.38,4.39,,-67.81,65.52,35345.0,Central SOMA ,-122.394992,37.778191,outside ,2020-04-20
2020-04-20,,,,,,,,,,46 Hours ,-122.408059,37.751262,outside ,2020-04-20
2020-04-21,57.57,3.16,6.2,5.52,5.58,,-53.72,65.14,33760.0,45th Ave-MR ,-122.50442,37.751562,outside ,2020-04-21
2020-04-21,53.34,1.95,5.05,3.7,3.71,,-40.55,65.05,68439.0,By Balboa Park Pool ,-122.44277,37.72714,outside ,2020-04-21
2020-04-21,53.9,2.14,4.49,3.45,3.45,,-64.46,66.44,41444.0,Castro-28th ,-122.433376,37.744437,outside ,2020-04-21
2020-04-21,95.74,3.01,5.54,4.48,4.49,,-58.74,60.79,68433.0,24th and Diamond ,-122.436945,37.751396,outside ,2020-04-21
2020-04-21,53.07,2.63,6.1,4.53,4.53,,-67.34,65.06,36785.0,Central SOMA ,-122.394992,37.778191,outside ,2020-04-21
2020-04-21,,2.37,4.82,4.04,4.04,,-53.57,,22713.0,Bernal Heights ,-122.415075,37.74154,outside ,2020-04-21
2020-04-21,57.73,2.19,4.54,3.76,3.76,,-62.71,61.55,15236.0,BRSKBV-Outside ,-122.44367,37.753377,outside ,2020-04-21
2020-04-21,52.95,2.66,5.92,4.52,4.77,,-60.62,64.64,2184.0,Castle Bosworth ,-122.429299,37.7333,outside ,2020-04-21
2020-04-21,52.66,2.29,4.3,3.54,3.54,,-59.75,63.49,68441.0,Castro ,-122.439463,37.761385,outside ,2020-04-21
2020-04-21,46.6,3.23,5.16,4.51,4.54,,-65.49,66.6,68427.0,930 Post ,-122.417252,37.787307,outside ,2020-04-21
2020-04-21,53.5,2.14,4.43,3.71,3.71,,-60.09,63.58,6430.46,3318 Folsom St. ,-122.413597,37.744755,outside ,2020-04-21
2020-04-21,35.64,0.02,0.32,0.15,0.15,,-70.21,75.08,18805.04,CalOctaviaOutside ,-122.427562,37.790083,outside ,2020-04-21
2020-04-21,57.49,1.11,3.38,2.55,2.55,,-79.65,61.48,1802.0,Cole Valley ,-122.452159,37.760916,outside ,2020-04-21
2020-04-21,52.14,1.93,5.54,3.76,3.76,,-74.52,64.07,68472.0,27 Scott ,-122.435321,37.769415,outside ,2020-04-21
2020-04-21,,2.44,5.36,4.3,4.3,679.55,,,19364.88,25 Short Street _ Kite Hill ,122.44284,37.757645,exterior B ,2020-04-21
2020-04-21,,3.58,6.02,5.32,5.33,1019.55,,,18985.68,Civic Center,122.44284,37.783122,ish B ,2020-04-21
2020-04-21,54.29,3.44,5.66,4.79,4.89,,-53.97,61.97,34141.0,19th St & Guerrero St  ,-122.424406,37.760688,outside ,2020-04-21
2020-04-21,46.76,3.56,5.87,5.29,5.3,,-66.2,68.26,50059.0,Civic Center,122.44284,37.783122,ish ,2020-04-21
2020-04-21,54.04,2.36,4.54,3.68,3.68,,-54.98,65.52,68425.0,23rd & Lake ,-122.482905,37.785605,outside ,2020-04-21
2020-04-21,59.17,2.58,5.39,4.43,4.43,,-62.19,59.97,24147.0,66 Cumberland Street ,-122.425023,37.759338,outside ,2020-04-21
2020-04-21,,,,,,,,,,46 Hours ,-122.408059,37.751262,outside ,2020-04-21
2020-04-21,,,,,,,,,,499 Illinois St ,-122.387161,37.766008,outside ,2020-04-21
2020-04-21,46.3,2.62,4.45,3.85,3.85,,-62.01,67.7,68433.0,17th Ave ,-122.476532,37.78119,outside ,2020-04-21
2020-04-21,57.33,2.74,6.18,5.0,5.01,,-54.54,62.04,68472.48,Alamosquare ,-122.430259,37.773312,outside ,2020-04-21
2020-04-21,57.24,2.34,5.15,4.01,4.01,,-42.73,63.19,68441.0,21stAtClement ,-122.480087,37.781643,outside ,2020-04-21
2020-04-21,54.4,2.92,5.73,4.71,4.71,,-64.04,63.95,13246.0,Cole Valley ,-122.448009,37.764131,outside ,2020-04-21
2020-04-21,94.55,2.31,4.55,3.73,3.73,,-64.88,60.95,22689.0,25 Short Street _ Kite Hill ,122.44284,37.757645,exterior ,2020-04-21
2020-04-21,57.21,1.94,4.97,3.62,3.62,,-78.24,62.98,26181.0,Buena Vista ,-122.441907,37.765604,outside ,2020-04-21
2020-04-21,51.32,1.91,4.26,3.58,3.58,,-48.1,67.64,61401.0,Bernal Breathe ,-122.415778,37.746024,outside ,2020-04-21
2020-04-21,38.85,5.7,10.65,8.08,10.03,,-76.45,70.04,61332.0,#SFAQ10 ,-122.439245,37.722417,outside ,2020-04-21
2020-04-21,55.27,2.45,5.46,4.42,4.42,,-56.6,61.89,28833.0,132 Germania St ,-122.4308,37.77074,outside ,2020-04-21
2020-04-21,50.66,2.13,5.47,4.02,4.02,,-72.41,65.1,1516.0,2169 Mission Street ,-122.418969,37.762414,outside ,2020-04-21
2020-04-21,57.28,2.2,4.84,4.2,4.2,,-58.51,61.09,68445.0,Alamo Square ,-122.433174,37.77509,outside ,2020-04-21
2020-04-21,87.19,2.42,5.1,3.92,3.92,,-76.25,62.5,17163.04,36th and Shore View ,-122.49714,37.780317,outside ,2020-04-21
2020-04-22,53.14,1.67,4.6,3.31,3.31,,-59.38,65.5,69881.0,Castro ,-122.439463,37.761385,outside ,2020-04-22
2020-04-22,54.65,2.37,5.81,4.35,4.35,,-54.98,63.9,35581.0,19th St & Guerrero St  ,-122.424406,37.760688,outside ,2020-04-22
2020-04-22,,,,,,,,,,46 Hours ,-122.408059,37.751262,outside ,2020-04-22
2020-04-22,47.1,2.87,5.92,4.9,4.99,,-66.3,70.69,51499.0,Civic Center,122.44284,37.783122,ish ,2020-04-22
2020-04-22,53.94,1.67,7.29,4.42,4.1,,-74.59,65.47,69912.0,27 Scott ,-122.435321,37.769415,outside ,2020-04-22
2020-04-22,58.88,2.26,7.62,5.5,5.5,,-55.37,63.69,69913.0,Alamosquare ,-122.430259,37.773312,outside ,2020-04-22
2020-04-22,58.63,1.91,5.94,4.02,4.02,,-42.87,64.8,69881.0,21stAtClement ,-122.480087,37.781643,outside ,2020-04-22
2020-04-22,58.34,1.5,5.81,3.65,3.67,,-78.02,64.82,27621.0,Buena Vista ,-122.441907,37.765604,outside ,2020-04-22
2020-04-22,47.52,3.03,6.01,4.87,4.93,,-65.78,68.52,69867.0,930 Post ,-122.417252,37.787307,outside ,2020-04-22
2020-04-22,60.71,2.44,6.28,5.38,5.38,,-52.83,65.87,35200.0,45th Ave-MR ,-122.50442,37.751562,outside ,2020-04-22
2020-04-22,55.27,1.84,6.28,4.34,4.34,,-60.15,65.93,3624.0,Castle Bosworth ,-122.429299,37.7333,outside ,2020-04-22
2020-04-22,,1.8,5.74,4.15,4.15,,-54.15,,24153.0,Bernal Heights ,-122.415075,37.74154,outside ,2020-04-22
2020-04-22,54.79,1.66,6.64,4.14,4.16,,-40.13,67.02,69879.0,By Balboa Park Pool ,-122.44277,37.72714,outside ,2020-04-22
2020-04-22,94.47,1.88,5.69,3.86,3.86,,-64.5,62.0,69873.0,24th and Diamond ,-122.436945,37.751396,outside ,2020-04-22
2020-04-22,37.05,0.04,0.52,0.24,0.24,,-71.71,75.82,20245.72,CalOctaviaOutside ,-122.427562,37.790083,outside ,2020-04-22
2020-04-22,56.56,2.26,6.4,4.57,4.57,,-64.54,65.61,14686.0,Cole Valley ,-122.448009,37.764131,outside ,2020-04-22
2020-04-22,95.46,1.66,4.97,3.49,3.5,,-65.4,61.92,24129.0,25 Short Street _ Kite Hill ,122.44284,37.757645,exterior ,2020-04-22
2020-04-22,52.49,1.45,4.82,3.61,3.61,,-47.15,69.3,62841.0,Bernal Breathe ,-122.415778,37.746024,outside ,2020-04-22
2020-04-22,91.18,2.06,6.81,4.41,4.41,,-74.94,62.38,18602.0,36th and Shore View ,-122.49714,37.780317,outside ,2020-04-22
2020-04-22,45.18,4.1,6.62,6.34,6.34,,-71.31,68.47,62772.0,#SFAQ10 ,-122.439245,37.722417,outside ,2020-04-22
2020-04-22,56.23,2.04,6.47,4.68,4.69,,-56.7,63.88,30273.0,132 Germania St ,-122.4308,37.77074,outside ,2020-04-22
2020-04-22,49.86,1.63,6.83,4.21,4.23,,-72.62,68.2,2956.0,2169 Mission Street ,-122.418969,37.762414,outside ,2020-04-22
2020-04-22,47.58,2.53,5.44,4.38,4.38,,-62.35,69.43,69873.0,17th Ave ,-122.476532,37.78119,outside ,2020-04-22
2020-04-22,,,,,,,,,,499 Illinois St ,-122.387161,37.766008,outside ,2020-04-22
2020-04-22,59.53,2.12,5.98,4.43,4.43,,-62.4,61.98,25587.0,66 Cumberland Street ,-122.425023,37.759338,outside ,2020-04-22
2020-04-22,,2.85,6.41,5.06,5.14,1021.43,,,18998.67,Civic Center,122.44284,37.783122,ish B ,2020-04-22
2020-04-22,,1.76,6.04,4.15,4.15,680.55,,,19347.41,25 Short Street _ Kite Hill ,122.44284,37.757645,exterior B ,2020-04-22
2020-04-22,54.39,1.89,5.2,3.68,3.68,,-55.29,67.4,69865.0,23rd & Lake ,-122.482905,37.785605,outside ,2020-04-22
2020-04-22,59.05,0.62,3.33,2.15,2.15,,-77.9,62.38,3246.32,Cole Valley ,-122.452159,37.760916,outside ,2020-04-22
2020-04-22,53.12,3.0,8.6,5.63,5.7,,-67.55,67.68,38225.0,Central SOMA ,-122.394992,37.778191,outside ,2020-04-22
2020-04-22,59.37,1.7,5.11,3.72,3.72,,-63.25,63.68,16676.0,BRSKBV-Outside ,-122.44367,37.753377,outside ,2020-04-22
2020-04-22,55.74,1.69,5.63,3.63,3.63,,-64.31,68.7,42884.0,Castro-28th ,-122.433376,37.744437,outside ,2020-04-22
2020-04-22,54.84,1.77,5.08,3.81,3.81,,-63.86,65.49,7870.1,3318 Folsom St. ,-122.413597,37.744755,outside ,2020-04-22
2020-04-22,58.34,1.93,5.7,4.59,4.59,,-58.52,63.06,69885.0,Alamo Square ,-122.433174,37.77509,outside ,2020-04-22
2020-04-23,,1.4,2.88,2.27,2.29,680.36,,,19360.79,25 Short Street _ Kite Hill ,122.44284,37.757645,exterior B ,2020-04-23
2020-04-23,58.28,2.44,3.94,3.03,3.46,,-56.11,66.3,37021.0,19th St & Guerrero St  ,-122.424406,37.760688,outside ,2020-04-23
2020-04-23,,1.57,3.38,2.77,2.82,1020.75,,,19000.29,Civic Center,122.44284,37.783122,ish B ,2020-04-23
2020-04-23,62.55,0.67,2.32,1.71,1.73,,-63.21,64.57,27027.0,66 Cumberland Street ,-122.425023,37.759338,outside ,2020-04-23
2020-04-23,,,,,,,,,,499 Illinois St ,-122.387161,37.766008,outside ,2020-04-23
2020-04-23,,,,,,,,,,46 Hours ,-122.408059,37.751262,outside ,2020-04-23
2020-04-23,58.66,0.45,2.66,1.43,1.43,,-75.18,67.17,47058.58,27 Scott ,-122.435321,37.769415,outside ,2020-04-23
2020-04-23,65.47,1.1,3.73,2.81,2.81,,-54.76,64.63,46997.15,Alamosquare ,-122.430259,37.773312,outside ,2020-04-23
2020-04-23,61.82,0.65,2.65,1.88,1.88,,-56.67,65.05,31713.0,132 Germania St ,-122.4308,37.77074,outside ,2020-04-23
2020-04-23,64.53,0.84,2.84,2.34,2.34,,-54.12,67.9,36640.0,45th Ave-MR ,-122.50442,37.751562,outside ,2020-04-23
2020-04-23,61.58,0.59,2.79,1.77,1.78,,-40.93,67.15,48651.05,By Balboa Park Pool ,-122.44277,37.72714,outside ,2020-04-23
2020-04-23,51.95,1.43,2.92,2.42,2.43,,-64.21,70.12,49235.58,930 Post ,-122.417252,37.787307,outside ,2020-04-23
2020-04-23,60.37,0.72,2.45,1.76,1.76,,-59.19,67.09,5064.0,Castle Bosworth ,-122.429299,37.7333,outside ,2020-04-23
2020-04-23,97.58,0.51,1.77,1.22,1.22,,-60.74,63.74,48881.81,24th and Diamond ,-122.436945,37.751396,outside ,2020-04-23
2020-04-23,64.9,0.44,1.83,1.25,1.25,,-62.92,64.59,18116.0,BRSKBV-Outside ,-122.44367,37.753377,outside ,2020-04-23
2020-04-23,56.21,0.91,3.37,2.21,2.21,,-68.48,70.24,39665.12,Central SOMA ,-122.394992,37.778191,outside ,2020-04-23
2020-04-23,97.72,0.42,1.52,1.08,1.08,,-65.38,64.31,25566.98,25 Short Street _ Kite Hill ,122.44284,37.757645,exterior ,2020-04-23
2020-04-23,94.61,0.91,3.13,1.94,1.94,,-75.76,63.3,20042.0,36th and Shore View ,-122.49714,37.780317,outside ,2020-04-23
2020-04-23,,0.57,1.98,1.49,1.49,,-54.78,,25593.0,Bernal Heights ,-122.415075,37.74154,outside ,2020-04-23
2020-04-23,57.87,0.93,2.51,1.86,1.87,,-64.57,71.25,44324.0,Castro-28th ,-122.433376,37.744437,outside ,2020-04-23
2020-04-23,62.69,0.83,2.99,1.97,1.97,,-43.28,66.58,48553.63,21stAtClement ,-122.480087,37.781643,outside ,2020-04-23
2020-04-23,61.97,0.07,0.93,0.5,0.5,,-79.06,64.66,4681.19,Cole Valley ,-122.452159,37.760916,outside ,2020-04-23
2020-04-23,58.2,0.62,2.31,1.54,1.54,,-56.28,68.96,49333.0,23rd & Lake ,-122.482905,37.785605,outside ,2020-04-23
2020-04-23,47.81,0.96,1.61,1.55,1.55,,-71.56,74.59,63524.0,#SFAQ10 ,-122.439245,37.722417,outside ,2020-04-23
2020-04-23,62.53,0.46,2.46,1.48,1.48,,-77.25,67.03,29061.21,Buena Vista ,-122.441907,37.765604,outside ,2020-04-23
2020-04-23,57.56,0.43,1.46,1.01,1.01,,-59.98,67.25,48553.63,Castro ,-122.439463,37.761385,outside ,2020-04-23
2020-04-23,59.88,0.41,1.62,1.17,1.17,,-63.07,66.8,9308.46,3318 Folsom St. ,-122.413597,37.744755,outside ,2020-04-23
2020-04-23,65.8,0.81,2.87,2.27,2.27,,-58.48,63.62,48358.79,Alamo Square ,-122.433174,37.77509,outside ,2020-04-23
2020-04-23,51.53,1.02,2.44,1.93,1.93,,-62.78,70.59,48943.31,17th Ave ,-122.476532,37.78119,outside ,2020-04-23
2020-04-23,60.38,0.83,2.58,1.87,1.88,,-66.07,67.42,16126.0,Cole Valley ,-122.448009,37.764131,outside ,2020-04-23
2020-04-23,41.17,0.16,0.56,0.37,0.37,,-71.77,76.92,21685.37,CalOctaviaOutside ,-122.427562,37.790083,outside ,2020-04-23
2020-04-23,51.7,1.63,3.26,2.78,2.83,,-65.67,71.98,52939.0,Civic Center,122.44284,37.783122,ish ,2020-04-23
2020-04-23,56.01,0.42,1.67,1.29,1.29,,-48.41,71.11,64281.0,Bernal Breathe ,-122.415778,37.746024,outside ,2020-04-23
2020-04-23,52.88,0.62,2.6,1.72,1.75,,-73.06,70.59,4396.0,2169 Mission Street ,-122.418969,37.762414,outside ,2020-04-23
2020-04-24,50.76,2.49,9.56,6.7,6.7,,-59.28,68.1,6503.26,Castle Bosworth ,-122.429299,37.7333,outside ,2020-04-24
2020-04-24,46.59,3.24,8.69,6.61,6.67,,-56.74,68.53,33153.0,132 Germania St ,-122.4308,37.77074,outside ,2020-04-24
2020-04-24,48.77,2.4,7.0,5.03,5.03,,-65.7,69.46,17566.0,Cole Valley ,-122.448009,37.764131,outside ,2020-04-24
2020-04-24,,1.88,5.63,4.18,4.18,684.5,,,19367.78,25 Short Street _ Kite Hill ,122.44284,37.757645,exterior B ,2020-04-24
2020-04-24,44.77,1.47,4.68,3.42,3.42,,-62.88,69.31,19556.0,BRSKBV-Outside ,-122.44367,37.753377,outside ,2020-04-24
2020-04-24,89.39,3.54,11.8,7.75,7.75,,-74.86,62.69,21482.0,36th and Shore View ,-122.49714,37.780317,outside ,2020-04-24
2020-04-24,42.12,1.92,4.92,3.7,3.7,,-59.6,71.17,1178.0,Castro ,-122.439463,37.761385,outside ,2020-04-24
2020-04-24,45.91,2.16,6.8,5.11,5.31,,-48.53,72.64,65721.0,Bernal Breathe ,-122.415778,37.746024,outside ,2020-04-24
2020-04-24,45.05,3.33,7.29,5.84,5.84,,-56.14,69.02,31262.28,19th St & Guerrero St  ,-122.424406,37.760688,outside ,2020-04-24
2020-04-24,,2.13,7.55,5.5,5.5,,-56.27,,27033.0,Bernal Heights ,-122.415075,37.74154,outside ,2020-04-24
2020-04-24,39.87,2.16,8.2,5.41,5.47,,-73.8,75.15,3429.81,2169 Mission Street ,-122.418969,37.762414,outside ,2020-04-24
2020-04-24,47.03,1.81,5.77,4.28,4.28,,-62.02,68.46,10750.0,3318 Folsom St. ,-122.413597,37.744755,outside ,2020-04-24
2020-04-24,47.66,2.23,6.59,5.33,5.33,,-58.15,67.29,1182.0,Alamo Square ,-122.433174,37.77509,outside ,2020-04-24
2020-04-24,80.24,2.76,6.97,5.08,5.09,,-59.59,65.77,1170.0,24th and Diamond ,-122.436945,37.751396,outside ,2020-04-24
2020-04-24,50.7,2.69,10.22,6.6,6.64,,-39.69,69.38,1176.0,By Balboa Park Pool ,-122.44277,37.72714,outside ,2020-04-24
2020-04-24,42.67,3.49,7.66,6.19,6.2,,-62.79,72.28,1170.0,17th Ave ,-122.476532,37.78119,outside ,2020-04-24
2020-04-24,49.33,2.59,6.94,5.35,5.32,,-64.38,66.95,28467.0,66 Cumberland Street ,-122.425023,37.759338,outside ,2020-04-24
2020-04-24,,3.3,7.34,5.99,6.04,1016.71,,,18985.33,Civic Center,122.44284,37.783122,ish B ,2020-04-24
2020-04-24,,,,,,,,,,499 Illinois St ,-122.387161,37.766008,outside ,2020-04-24
2020-04-24,50.18,2.72,8.25,5.69,5.69,,-59.19,69.92,1162.0,23rd & Lake ,-122.482905,37.785605,outside ,2020-04-24
2020-04-24,34.07,0.06,0.7,0.36,0.36,,-71.02,78.32,23125.04,CalOctaviaOutside ,-122.427562,37.790083,outside ,2020-04-24
2020-04-24,,,,,,,,,,#SFAQ10 ,-122.439245,37.722417,outside ,2020-04-24
2020-04-24,46.97,1.89,6.18,4.05,4.05,,-64.94,71.64,35604.55,Castro-28th ,-122.433376,37.744437,outside ,2020-04-24
2020-04-24,75.62,1.79,4.78,3.66,3.66,,-65.18,67.39,27009.0,25 Short Street _ Kite Hill ,122.44284,37.757645,exterior ,2020-04-24
2020-04-24,42.67,2.82,9.51,6.18,6.19,,-68.23,73.85,41105.0,Central SOMA ,-122.394992,37.778191,outside ,2020-04-24
2020-04-24,53.34,0.58,3.51,2.26,2.26,,-76.01,65.72,6122.0,Cole Valley ,-122.452159,37.760916,outside ,2020-04-24
2020-04-24,49.04,2.75,8.77,6.56,6.56,,-54.36,67.75,1101.56,Alamosquare ,-122.430259,37.773312,outside ,2020-04-24
2020-04-24,46.55,2.0,8.06,4.82,4.82,,-73.82,69.1,1209.0,27 Scott ,-122.435321,37.769415,outside ,2020-04-24
2020-04-24,37.39,3.66,7.24,5.99,6.01,,-63.18,74.25,1164.0,930 Post ,-122.417252,37.787307,outside ,2020-04-24
2020-04-24,37.82,3.35,6.86,5.84,5.9,,-65.62,75.92,54379.0,Civic Center,122.44284,37.783122,ish ,2020-04-24
2020-04-24,42.71,1.22,5.33,3.33,3.33,,-77.75,72.58,30496.22,Buena Vista ,-122.441907,37.765604,outside ,2020-04-24
2020-04-24,,,,,,,,,,46 Hours ,-122.408059,37.751262,outside ,2020-04-24
2020-04-24,54.2,2.55,8.82,5.8,5.8,,-42.82,67.17,1178.0,21stAtClement ,-122.480087,37.781643,outside ,2020-04-24
2020-04-24,56.46,3.59,9.66,8.27,8.32,,-54.37,68.37,38080.0,45th Ave-MR ,-122.50442,37.751562,outside ,2020-04-24
2020-04-25,,2.84,6.58,5.24,5.32,1014.48,,,19014.99,Civic Center,122.44284,37.783122,ish B ,2020-04-25
2020-04-25,54.12,1.95,6.13,4.17,4.17,,-57.91,69.83,2602.0,23rd & Lake ,-122.482905,37.785605,outside ,2020-04-25
2020-04-25,,,,,,,,,,#SFAQ10 ,-122.439245,37.722417,outside ,2020-04-25
2020-04-25,50.34,1.33,4.92,3.09,3.09,,-63.33,73.83,609.71,Castro-28th ,-122.433376,37.744437,outside ,2020-04-25
2020-04-25,60.09,2.51,6.98,5.92,5.94,,-54.32,68.02,39520.0,45th Ave-MR ,-122.50442,37.751562,outside ,2020-04-25
2020-04-25,81.8,2.94,6.66,5.1,5.44,,-67.83,69.78,28449.0,25 Short Street _ Kite Hill ,122.44284,37.757645,exterior ,2020-04-25
2020-04-25,47.76,2.92,6.39,5.15,5.15,,-62.94,71.42,2610.0,17th Ave ,-122.476532,37.78119,outside ,2020-04-25
2020-04-25,55.01,2.76,8.54,6.37,6.38,,-54.82,67.75,2542.08,Alamosquare ,-122.430259,37.773312,outside ,2020-04-25
2020-04-25,43.22,3.01,6.19,5.2,5.29,,-63.72,75.19,55819.0,Civic Center,122.44284,37.783122,ish ,2020-04-25
2020-04-25,,3.06,7.49,5.63,5.98,686.0,,,19365.5,25 Short Street _ Kite Hill ,122.44284,37.757645,exterior B ,2020-04-25
2020-04-25,53.0,2.64,7.28,5.32,5.35,,-64.38,69.38,12018.61,Cole Valley ,-122.448009,37.764131,outside ,2020-04-25
2020-04-25,96.93,3.88,10.6,6.94,7.16,,-75.87,61.55,22922.0,36th and Shore View ,-122.49714,37.780317,outside ,2020-04-25
2020-04-25,34.14,1.53,4.84,3.65,3.66,,-74.82,83.66,30.36,46 Hours ,-122.408059,37.751262,outside ,2020-04-25
2020-04-25,50.56,1.37,4.94,3.64,3.64,,-47.79,72.59,67161.0,Bernal Breathe ,-122.415778,37.746024,outside ,2020-04-25
2020-04-25,51.09,1.95,6.39,4.67,4.67,,-56.35,68.73,34593.0,132 Germania St ,-122.4308,37.77074,outside ,2020-04-25
2020-04-25,56.34,1.15,4.05,2.79,2.8,,-75.83,66.77,7562.0,Cole Valley ,-122.452159,37.760916,outside ,2020-04-25
2020-04-25,42.32,1.73,7.03,4.56,4.61,,-73.85,75.79,1248.0,2169 Mission Street ,-122.418969,37.762414,outside ,2020-04-25
2020-04-25,36.96,0.06,0.53,0.25,0.25,,-71.72,78.79,24565.33,CalOctaviaOutside ,-122.427562,37.790083,outside ,2020-04-25
2020-04-25,51.0,2.82,7.13,5.36,5.53,,-64.4,68.97,29907.23,66 Cumberland Street ,-122.425023,37.759338,outside ,2020-04-25
2020-04-25,60.32,2.08,7.13,4.69,4.69,,-43.17,66.43,2618.0,21stAtClement ,-122.480087,37.781643,outside ,2020-04-25
2020-04-25,55.5,1.69,7.56,4.61,4.65,,-39.59,68.89,2616.0,By Balboa Park Pool ,-122.44277,37.72714,outside ,2020-04-25
2020-04-25,,,,,,,,,,499 Illinois St ,-122.387161,37.766008,outside ,2020-04-25
2020-04-25,51.21,1.69,7.22,4.16,4.16,,-73.32,68.96,2649.0,27 Scott ,-122.435321,37.769415,outside ,2020-04-25
2020-04-25,46.68,2.25,7.97,5.06,5.07,,-67.62,73.75,42545.0,Central SOMA ,-122.394992,37.778191,outside ,2020-04-25
2020-04-25,53.7,1.42,4.77,3.5,3.5,,-64.41,68.16,12190.0,3318 Folsom St. ,-122.413597,37.744755,outside ,2020-04-25
2020-04-25,51.86,1.19,4.21,2.98,2.98,,-63.07,69.03,20996.0,BRSKBV-Outside ,-122.44367,37.753377,outside ,2020-04-25
2020-04-25,,1.7,6.03,4.29,4.3,,-55.88,,28473.0,Bernal Heights ,-122.415075,37.74154,outside ,2020-04-25
2020-04-25,46.43,3.33,6.83,5.43,5.52,,-57.04,70.99,988.0,19th St & Guerrero St  ,-122.424406,37.760688,outside ,2020-04-25
2020-04-25,43.47,3.13,6.45,5.22,5.27,,-60.53,73.26,2604.0,930 Post ,-122.417252,37.787307,outside ,2020-04-25
2020-04-25,44.5,1.8,4.63,3.47,3.47,,-60.24,72.66,2618.0,Castro ,-122.439463,37.761385,outside ,2020-04-25
2020-04-25,47.25,1.48,5.44,3.43,3.55,,-77.3,72.81,31941.0,Buena Vista ,-122.441907,37.765604,outside ,2020-04-25
2020-04-25,85.91,1.53,4.91,3.31,3.31,,-57.71,67.32,2610.0,24th and Diamond ,-122.436945,37.751396,outside ,2020-04-25
2020-04-25,54.96,1.8,5.67,4.5,4.5,,-58.06,66.52,2622.0,Alamo Square ,-122.433174,37.77509,outside ,2020-04-25
2020-04-25,56.76,1.8,7.35,4.94,4.94,,-59.25,67.5,7943.28,Castle Bosworth ,-122.429299,37.7333,outside ,2020-04-25
2020-04-26,100.0,1.3,6.0,3.54,3.54,,-76.17,58.71,24362.24,36th and Shore View ,-122.49714,37.780317,outside ,2020-04-26
2020-04-26,62.47,0.85,3.04,2.19,2.19,,-66.28,62.15,31347.0,66 Cumberland Street ,-122.425023,37.759338,outside ,2020-04-26
2020-04-26,58.96,0.64,2.2,1.5,1.5,,-60.51,63.76,4058.0,Castro ,-122.439463,37.761385,outside ,2020-04-26
2020-04-26,66.53,1.64,4.83,3.31,3.36,,-42.77,62.98,4058.0,21stAtClement ,-122.480087,37.781643,outside ,2020-04-26
2020-04-26,55.26,1.3,2.99,2.37,2.37,,-61.11,65.98,4044.0,930 Post ,-122.417252,37.787307,outside ,2020-04-26
2020-04-26,58.21,1.0,4.28,2.6,2.6,,-66.97,66.35,43985.0,Central SOMA ,-122.394992,37.778191,outside ,2020-04-26
2020-04-26,63.64,0.89,4.02,2.51,2.55,,-38.89,63.81,4056.0,By Balboa Park Pool ,-122.44277,37.72714,outside ,2020-04-26
2020-04-26,54.79,1.75,3.76,3.16,3.2,,-62.88,67.59,57259.0,Civic Center,122.44284,37.783122,ish ,2020-04-26
2020-04-26,58.24,0.62,3.56,1.86,1.86,,-73.43,64.68,4089.0,27 Scott ,-122.435321,37.769415,outside ,2020-04-26
2020-04-26,,0.94,3.48,2.4,2.46,680.57,,,19374.52,25 Short Street _ Kite Hill ,122.44284,37.757645,exterior B ,2020-04-26
2020-04-26,59.56,0.6,2.22,1.63,1.63,,-64.37,64.79,13630.77,3318 Folsom St. ,-122.413597,37.744755,outside ,2020-04-26
2020-04-26,,,,,,,,,,499 Illinois St ,-122.387161,37.766008,outside ,2020-04-26
2020-04-26,,0.81,2.76,2.03,2.03,,-54.42,,29913.0,Bernal Heights ,-122.415075,37.74154,outside ,2020-04-26
2020-04-26,40.62,0.08,0.34,0.2,0.2,,-68.53,75.44,25998.39,CalOctaviaOutside ,-122.427562,37.790083,outside ,2020-04-26
2020-04-26,57.51,2.28,4.33,3.27,3.6,,-55.8,64.02,2428.0,19th St & Guerrero St  ,-122.424406,37.760688,outside ,2020-04-26
2020-04-26,62.16,0.86,2.97,2.04,2.04,,-66.47,63.22,1244.0,Cole Valley ,-122.448009,37.764131,outside ,2020-04-26
2020-04-26,66.55,1.33,4.83,3.51,3.51,,-54.47,61.93,3982.44,Alamosquare ,-122.430259,37.773312,outside ,2020-04-26
2020-04-26,56.13,1.61,3.65,2.91,2.91,,-62.51,65.94,4050.0,17th Ave ,-122.476532,37.78119,outside ,2020-04-26
2020-04-26,70.24,0.73,2.64,1.81,1.81,,-64.51,59.76,22436.0,BRSKBV-Outside ,-122.44367,37.753377,outside ,2020-04-26
2020-04-26,55.22,0.77,2.55,1.98,1.98,,-47.83,69.04,68601.0,Bernal Breathe ,-122.415778,37.746024,outside ,2020-04-26
2020-04-26,,,,,,,,,,#SFAQ10 ,-122.439245,37.722417,outside ,2020-04-26
2020-04-26,62.6,0.83,3.4,2.36,2.36,,-56.2,61.99,36033.0,132 Germania St ,-122.4308,37.77074,outside ,2020-04-26
2020-04-26,62.63,0.79,2.76,1.73,1.74,,-63.83,65.23,2000.0,Castro-28th ,-122.433376,37.744437,outside ,2020-04-26
2020-04-26,99.7,0.76,2.74,1.8,1.8,,-56.88,61.49,4050.0,24th and Diamond ,-122.436945,37.751396,outside ,2020-04-26
2020-04-26,98.6,0.94,3.0,2.09,2.16,,-67.0,61.34,29889.0,25 Short Street _ Kite Hill ,122.44284,37.757645,exterior ,2020-04-26
2020-04-26,67.55,1.47,4.23,3.6,3.6,,-54.04,63.76,40960.0,45th Ave-MR ,-122.50442,37.751562,outside ,2020-04-26
2020-04-26,69.3,1.01,3.53,2.8,2.8,,-57.98,59.73,4062.0,Alamo Square ,-122.433174,37.77509,outside ,2020-04-26
2020-04-26,51.72,0.7,3.45,2.13,2.15,,-71.33,68.28,2688.0,2169 Mission Street ,-122.418969,37.762414,outside ,2020-04-26
2020-04-26,,,,,,,,,,46 Hours ,-122.408059,37.751262,outside ,2020-04-26
2020-04-26,,1.75,4.02,3.21,3.24,1014.12,,,18994.82,Civic Center,122.44284,37.783122,ish B ,2020-04-26
2020-04-26,65.18,0.71,3.28,2.02,2.03,,-76.41,62.36,33381.0,Buena Vista ,-122.441907,37.765604,outside ,2020-04-26
2020-04-26,60.18,1.66,4.22,3.09,3.12,,-58.64,66.27,4042.0,23rd & Lake ,-122.482905,37.785605,outside ,2020-04-26
2020-04-26,61.18,0.25,1.4,0.87,0.87,,-77.86,62.94,9002.0,Cole Valley ,-122.452159,37.760916,outside ,2020-04-26
2020-04-26,63.92,1.0,3.67,2.54,2.55,,-59.12,63.55,9384.0,Castle Bosworth ,-122.429299,37.7333,outside ,2020-04-26
2020-04-27,53.68,1.87,7.33,4.97,4.97,,-58.89,65.53,10824.0,Castle Bosworth ,-122.429299,37.7333,outside ,2020-04-27
2020-04-27,92.03,1.97,7.56,4.65,4.65,,-76.12,61.81,25802.0,36th and Shore View ,-122.49714,37.780317,outside ,2020-04-27
2020-04-27,48.6,1.66,5.72,4.27,4.27,,-45.39,69.36,70041.0,Bernal Breathe ,-122.415778,37.746024,outside ,2020-04-27
2020-04-27,54.38,1.81,6.9,4.77,4.77,,-56.53,63.03,37473.0,132 Germania St ,-122.4308,37.77074,outside ,2020-04-27
2020-04-27,52.86,2.18,7.07,4.82,4.82,,-66.06,65.28,2684.0,Cole Valley ,-122.448009,37.764131,outside ,2020-04-27
2020-04-27,,,,,,,,,,46 Hours ,-122.408059,37.751262,outside ,2020-04-27
2020-04-27,36.85,0.04,0.59,0.28,0.28,,-71.22,75.39,1375.96,CalOctaviaOutside ,-122.427562,37.790083,outside ,2020-04-27
2020-04-27,49.43,3.48,9.99,6.55,6.62,,-66.95,67.7,45425.0,Central SOMA ,-122.394992,37.778191,outside ,2020-04-27
2020-04-27,57.45,1.85,6.12,4.81,4.81,,-58.59,61.88,5502.0,Alamo Square ,-122.433174,37.77509,outside ,2020-04-27
2020-04-27,51.53,1.64,6.36,3.9,3.9,,-64.09,68.58,3440.0,Castro-28th ,-122.433376,37.744437,outside ,2020-04-27
2020-04-27,50.33,1.64,5.25,3.56,3.56,,-61.04,65.08,5497.23,Castro ,-122.439463,37.761385,outside ,2020-04-27
2020-04-27,55.15,1.36,6.47,3.86,3.86,,-77.09,64.7,34821.0,Buena Vista ,-122.441907,37.765604,outside ,2020-04-27
2020-04-27,44.96,2.74,6.03,4.73,4.77,,-62.87,68.06,5484.0,930 Post ,-122.417252,37.787307,outside ,2020-04-27
2020-04-27,56.96,2.25,8.73,6.03,6.03,,-54.43,63.2,5425.02,Alamosquare ,-122.430259,37.773312,outside ,2020-04-27
2020-04-27,53.31,1.55,7.17,4.28,4.28,,-38.94,66.26,5496.0,By Balboa Park Pool ,-122.44277,37.72714,outside ,2020-04-27
2020-04-27,49.79,2.73,6.54,4.73,4.86,,-52.26,64.47,3868.0,19th St & Guerrero St  ,-122.424406,37.760688,outside ,2020-04-27
2020-04-27,50.4,1.77,8.52,4.55,4.56,,-71.15,65.54,5529.0,27 Scott ,-122.435321,37.769415,outside ,2020-04-27
2020-04-27,45.95,1.47,7.21,4.38,4.42,,-72.42,68.35,4128.0,2169 Mission Street ,-122.418969,37.762414,outside ,2020-04-27
2020-04-27,50.71,1.67,5.42,3.99,3.99,,-65.45,65.68,15070.0,3318 Folsom St. ,-122.413597,37.744755,outside ,2020-04-27
2020-04-27,,1.74,6.69,4.49,4.49,680.05,,,19375.16,25 Short Street _ Kite Hill ,122.44284,37.757645,exterior B ,2020-04-27
2020-04-27,56.2,1.88,6.63,4.3,4.3,,-42.55,64.75,5498.0,21stAtClement ,-122.480087,37.781643,outside ,2020-04-27
2020-04-27,46.28,2.77,6.19,4.93,4.94,,-62.36,68.52,5490.0,17th Ave ,-122.476532,37.78119,outside ,2020-04-27
2020-04-27,,,,,,,,,,#SFAQ10 ,-122.439245,37.722417,outside ,2020-04-27
2020-04-27,92.35,1.64,5.68,3.82,3.82,,-64.72,61.75,31328.31,25 Short Street _ Kite Hill ,122.44284,37.757645,exterior ,2020-04-27
2020-04-27,59.09,2.28,6.39,5.43,5.43,,-53.94,65.82,42400.0,45th Ave-MR ,-122.50442,37.751562,outside ,2020-04-27
2020-04-27,92.93,1.71,6.3,3.99,3.99,,-69.14,62.17,5490.0,24th and Diamond ,-122.436945,37.751396,outside ,2020-04-27
2020-04-27,,2.52,6.55,5.06,5.07,1016.13,,,18991.18,Civic Center,122.44284,37.783122,ish B ,2020-04-27
2020-04-27,57.13,0.74,4.04,2.61,2.61,,-77.77,62.42,10442.0,Cole Valley ,-122.452159,37.760916,outside ,2020-04-27
2020-04-27,57.37,1.74,5.76,4.07,4.07,,-65.37,62.43,23876.0,BRSKBV-Outside ,-122.44367,37.753377,outside ,2020-04-27
2020-04-27,52.17,2.22,6.43,4.43,4.44,,-58.03,67.27,5482.0,23rd & Lake ,-122.482905,37.785605,outside ,2020-04-27
2020-04-27,44.36,2.51,5.81,4.79,4.79,,-62.57,70.41,58699.0,Civic Center,122.44284,37.783122,ish ,2020-04-27
2020-04-27,,,,,,,,,,499 Illinois St ,-122.387161,37.766008,outside ,2020-04-27
2020-04-27,,1.6,5.99,4.16,4.16,,-54.74,,31353.0,Bernal Heights ,-122.415075,37.74154,outside ,2020-04-27
2020-04-27,53.35,1.73,5.8,4.1,4.11,,-65.17,62.87,32787.0,66 Cumberland Street ,-122.425023,37.759338,outside ,2020-04-27
2020-04-28,57.58,1.91,5.12,3.69,3.97,,-59.91,67.85,12264.0,Castle Bosworth ,-122.429299,37.7333,outside ,2020-04-28
2020-04-28,47.76,2.28,4.34,3.64,3.64,,-64.71,72.28,6924.19,930 Post ,-122.417252,37.787307,outside ,2020-04-28
2020-04-28,55.29,1.35,3.86,2.79,2.79,,-56.77,70.01,6922.0,23rd & Lake ,-122.482905,37.785605,outside ,2020-04-28
2020-04-28,53.03,0.91,2.55,1.87,1.87,,-62.22,69.47,6938.42,Castro ,-122.439463,37.761385,outside ,2020-04-28
2020-04-28,,1.19,3.42,2.65,2.65,,-55.24,,32793.0,Bernal Heights ,-122.415075,37.74154,outside ,2020-04-28
2020-04-28,53.61,1.42,3.18,2.51,2.51,,-54.03,68.37,5305.0,19th St & Guerrero St  ,-122.424406,37.760688,outside ,2020-04-28
2020-04-28,94.84,1.05,2.91,2.1,2.1,,-75.29,66.05,6930.0,24th and Diamond ,-122.436945,37.751396,outside ,2020-04-28
2020-04-28,60.53,1.23,3.8,3.08,3.08,,-58.6,65.52,6942.0,Alamo Square ,-122.433174,37.77509,outside ,2020-04-28
2020-04-28,52.01,1.84,5.22,3.62,3.64,,-66.85,72.57,46865.0,Central SOMA ,-122.394992,37.778191,outside ,2020-04-28
2020-04-28,96.54,1.64,3.54,2.62,2.81,,-68.75,66.32,32769.1,25 Short Street _ Kite Hill ,122.44284,37.757645,exterior ,2020-04-28
2020-04-28,,2.16,4.52,3.78,3.79,1015.96,,,18410.4,Civic Center,122.44284,37.783122,ish B ,2020-04-28
2020-04-28,54.58,1.19,3.21,2.29,2.32,,-63.05,73.24,4880.0,Castro-28th ,-122.433376,37.744437,outside ,2020-04-28
2020-04-28,,,,,,,,,,#SFAQ10 ,-122.439245,37.722417,outside ,2020-04-28
2020-04-28,56.56,1.02,3.07,2.35,2.35,,-65.97,68.3,16510.0,3318 Folsom St. ,-122.413597,37.744755,outside ,2020-04-28
2020-04-28,56.54,0.69,3.26,2.0,2.0,,-76.64,70.53,36261.0,Buena Vista ,-122.441907,37.765604,outside ,2020-04-28
2020-04-28,48.15,1.24,4.37,2.95,3.03,,-71.18,73.34,5568.0,2169 Mission Street ,-122.418969,37.762414,outside ,2020-04-28
2020-04-28,54.68,0.79,4.05,2.26,2.26,,-73.38,68.75,6969.0,27 Scott ,-122.435321,37.769415,outside ,2020-04-28
2020-04-28,,,,,,,,,,499 Illinois St ,-122.387161,37.766008,outside ,2020-04-28
2020-04-28,96.73,2.68,6.54,4.61,4.68,,-75.27,63.37,27242.0,36th and Shore View ,-122.49714,37.780317,outside ,2020-04-28
2020-04-28,39.37,0.03,0.28,0.13,0.13,,-75.55,78.15,1070.37,CalOctaviaOutside ,-122.427562,37.790083,outside ,2020-04-28
2020-04-28,60.52,1.65,5.13,3.91,3.91,,-56.27,66.6,6863.0,Alamosquare ,-122.430259,37.773312,outside ,2020-04-28
2020-04-28,56.62,1.15,3.56,2.6,2.6,,-65.63,68.93,4124.0,Cole Valley ,-122.448009,37.764131,outside ,2020-04-28
2020-04-28,60.43,1.44,4.61,3.19,3.21,,-42.0,66.83,6938.0,21stAtClement ,-122.480087,37.781643,outside ,2020-04-28
2020-04-28,58.53,0.91,2.84,2.13,2.13,,-63.72,67.78,25316.0,BRSKBV-Outside ,-122.44367,37.753377,outside ,2020-04-28
2020-04-28,57.79,1.17,3.39,2.59,2.59,,-66.42,66.81,34227.0,66 Cumberland Street ,-122.425023,37.759338,outside ,2020-04-28
2020-04-28,,,,,,,,,,46 Hours ,-122.408059,37.751262,outside ,2020-04-28
2020-04-28,56.83,1.41,4.43,3.27,3.33,,-56.51,67.23,38913.0,132 Germania St ,-122.4308,37.77074,outside ,2020-04-28
2020-04-28,48.54,1.83,4.01,3.25,3.25,,-62.66,71.77,6930.0,17th Ave ,-122.476532,37.78119,outside ,2020-04-28
2020-04-28,59.78,0.21,1.81,1.11,1.11,,-77.73,65.93,11882.0,Cole Valley ,-122.452159,37.760916,outside ,2020-04-28
2020-04-28,47.41,2.19,4.28,3.73,3.74,,-63.75,74.47,60139.0,Civic Center,122.44284,37.783122,ish ,2020-04-28
2020-04-28,56.25,1.27,4.79,3.06,3.23,,-39.11,69.39,6936.0,By Balboa Park Pool ,-122.44277,37.72714,outside ,2020-04-28
2020-04-28,63.1,1.85,5.04,4.34,4.34,,-54.33,67.22,43840.0,45th Ave-MR ,-122.50442,37.751562,outside ,2020-04-28
2020-04-28,53.11,1.09,3.24,2.58,2.59,,-46.62,72.73,40759.96,Bernal Breathe ,-122.415778,37.746024,outside ,2020-04-28
2020-04-28,,1.08,3.48,2.58,2.58,682.06,,,19384.02,25 Short Street _ Kite Hill ,122.44284,37.757645,exterior B ,2020-04-28
2020-04-29,58.57,1.78,3.49,3.02,3.08,,-63.1,66.3,61579.0,Civic Center,122.44284,37.783122,ish ,2020-04-29
2020-04-29,61.63,1.56,2.76,2.26,2.41,,-53.79,62.93,721.0,19th St & Guerrero St  ,-122.424406,37.760688,outside ,2020-04-29
2020-04-29,62.57,0.5,2.74,1.62,1.62,,-73.7,63.39,8409.0,27 Scott ,-122.435321,37.769415,outside ,2020-04-29
2020-04-29,63.37,0.05,0.83,0.43,0.43,,-75.67,62.92,13322.0,Cole Valley ,-122.452159,37.760916,outside ,2020-04-29
2020-04-29,63.33,0.52,1.66,1.22,1.22,,-61.18,62.55,8378.0,Castro ,-122.439463,37.761385,outside ,2020-04-29
2020-04-29,,0.58,1.87,1.47,1.47,,-54.53,,34233.0,Bernal Heights ,-122.415075,37.74154,outside ,2020-04-29
2020-04-29,71.93,0.58,3.01,1.84,1.84,,-77.76,60.31,37705.76,Buena Vista ,-122.441907,37.765604,outside ,2020-04-29
2020-04-29,57.79,1.31,2.8,2.41,2.3,,-69.52,65.32,8364.0,930 Post ,-122.417252,37.787307,outside ,2020-04-29
2020-04-29,69.59,1.48,4.02,3.49,3.49,,-54.39,63.65,45280.0,45th Ave-MR ,-122.50442,37.751562,outside ,2020-04-29
2020-04-29,66.87,1.1,3.09,2.38,2.5,,-58.21,62.85,13704.0,Castle Bosworth ,-122.429299,37.7333,outside ,2020-04-29
2020-04-29,63.51,0.47,1.8,1.37,1.37,,-62.36,62.88,17950.0,3318 Folsom St. ,-122.413597,37.744755,outside ,2020-04-29
2020-04-29,68.01,1.23,3.53,2.6,2.6,,-41.47,62.92,8378.0,21stAtClement ,-122.480087,37.781643,outside ,2020-04-29
2020-04-29,68.36,1.02,3.34,2.63,2.63,,-55.68,62.14,8303.0,Alamosquare ,-122.430259,37.773312,outside ,2020-04-29
2020-04-29,,1.34,5.02,3.06,3.71,679.79,,,19370.3,25 Short Street _ Kite Hill ,122.44284,37.757645,exterior B ,2020-04-29
2020-04-29,,,,,,,,,,#SFAQ10 ,-122.439245,37.722417,outside ,2020-04-29
2020-04-29,41.06,0.02,0.17,0.08,0.08,,-77.2,76.04,2510.37,CalOctaviaOutside ,-122.427562,37.790083,outside ,2020-04-29
2020-04-29,60.81,0.74,2.28,1.69,1.69,,-58.83,66.63,8363.06,23rd & Lake ,-122.482905,37.785605,outside ,2020-04-29
2020-04-29,,1.81,3.64,3.07,3.12,1013.89,,,18345.8,Civic Center,122.44284,37.783122,ish B ,2020-04-29
2020-04-29,,,,,,,,,,499 Illinois St ,-122.387161,37.766008,outside ,2020-04-29
2020-04-29,65.31,0.55,2.06,1.53,1.53,,-67.34,61.78,35666.18,66 Cumberland Street ,-122.425023,37.759338,outside ,2020-04-29
2020-04-29,57.68,1.33,2.91,2.4,2.4,,-62.23,65.88,8370.0,17th Ave ,-122.476532,37.78119,outside ,2020-04-29
2020-04-29,65.66,0.66,2.01,1.46,1.46,,-61.7,64.01,6320.0,Castro-28th ,-122.433376,37.744437,outside ,2020-04-29
2020-04-29,67.7,0.88,2.8,2.12,2.12,,-66.43,61.34,5563.0,Cole Valley ,-122.448009,37.764131,outside ,2020-04-29
2020-04-29,66.64,0.72,2.77,1.97,1.99,,-37.16,62.74,8376.19,By Balboa Park Pool ,-122.44277,37.72714,outside ,2020-04-29
2020-04-29,60.04,0.63,2.01,1.63,1.63,,-45.95,66.76,1338.47,Bernal Breathe ,-122.415778,37.746024,outside ,2020-04-29
2020-04-29,,,,,,,,,,46 Hours ,-122.408059,37.751262,outside ,2020-04-29
2020-04-29,100.0,0.62,1.91,1.44,1.44,,-75.47,62.08,8370.0,24th and Diamond ,-122.436945,37.751396,outside ,2020-04-29
2020-04-29,70.9,0.86,2.91,2.39,2.39,,-58.3,59.91,8382.0,Alamo Square ,-122.433174,37.77509,outside ,2020-04-29
2020-04-29,57.28,0.62,2.61,1.79,1.81,,-73.1,65.66,6812.94,2169 Mission Street ,-122.418969,37.762414,outside ,2020-04-29
2020-04-29,66.34,0.77,3.01,2.22,2.24,,-56.11,61.45,40353.0,132 Germania St ,-122.4308,37.77074,outside ,2020-04-29
2020-04-29,62.49,1.96,4.39,3.46,3.34,,-67.17,64.98,48305.0,Central SOMA ,-122.394992,37.778191,outside ,2020-04-29
2020-04-29,100.0,1.71,6.24,3.88,3.9,,-75.38,59.31,28682.0,36th and Shore View ,-122.49714,37.780317,outside ,2020-04-29
2020-04-29,100.0,1.07,4.64,2.56,3.22,,-70.24,61.41,34207.93,25 Short Street _ Kite Hill ,122.44284,37.757645,exterior ,2020-04-29
2020-04-29,73.77,0.52,2.19,1.52,1.52,,-63.83,59.04,26757.73,BRSKBV-Outside ,-122.44367,37.753377,outside ,2020-04-29
2020-04-30,64.02,1.26,4.3,3.16,3.16,,-55.61,62.28,41793.0,132 Germania St ,-122.4308,37.77074,outside ,2020-04-30
2020-04-30,61.53,0.21,1.66,1.01,1.01,,-78.44,63.68,14762.0,Cole Valley ,-122.452159,37.760916,outside ,2020-04-30
2020-04-30,52.52,2.19,4.33,3.74,3.74,,-64.57,69.96,63019.0,Civic Center,122.44284,37.783122,ish ,2020-04-30
2020-04-30,49.38,0.98,3.52,2.69,2.69,,-77.55,70.35,219.38,499 Illinois St ,-122.387161,37.766008,outside ,2020-04-30
2020-04-30,62.29,1.57,4.42,3.28,3.28,,-66.41,64.66,7003.0,Cole Valley ,-122.448009,37.764131,outside ,2020-04-30
2020-04-30,95.86,2.44,6.58,4.33,4.71,,-75.24,61.7,30122.0,36th and Shore View ,-122.49714,37.780317,outside ,2020-04-30
2020-04-30,,1.17,3.61,2.67,2.7,683.08,,,19125.79,25 Short Street _ Kite Hill ,122.44284,37.757645,exterior B ,2020-04-30
2020-04-30,55.6,1.06,4.31,2.79,2.82,,-72.45,66.94,754.0,2169 Mission Street ,-122.418969,37.762414,outside ,2020-04-30
2020-04-30,59.98,0.96,4.49,2.59,2.59,,-75.03,64.56,9849.87,27 Scott ,-122.435321,37.769415,outside ,2020-04-30
2020-04-30,55.27,1.24,3.74,2.82,2.97,,-46.17,70.16,2778.0,Bernal Breathe ,-122.415778,37.746024,outside ,2020-04-30
2020-04-30,65.63,1.54,5.01,3.76,3.76,,-55.78,62.96,9743.0,Alamosquare ,-122.430259,37.773312,outside ,2020-04-30
2020-04-30,40.89,0.08,0.43,0.25,0.25,,-76.5,76.33,3949.08,CalOctaviaOutside ,-122.427562,37.790083,outside ,2020-04-30
2020-04-30,65.48,1.31,4.21,2.92,2.92,,-40.84,63.83,9818.0,21stAtClement ,-122.480087,37.781643,outside ,2020-04-30
2020-04-30,,,,,,,,,,#SFAQ10 ,-122.439245,37.722417,outside ,2020-04-30
2020-04-30,58.54,1.42,3.69,2.63,2.7,,-61.89,68.76,7760.0,Castro-28th ,-122.433376,37.744437,outside ,2020-04-30
2020-04-30,98.75,0.94,2.88,2.1,2.13,,-70.4,61.4,35655.02,25 Short Street _ Kite Hill ,122.44284,37.757645,exterior ,2020-04-30
2020-04-30,97.71,1.13,3.15,2.29,2.29,,-65.73,61.78,9809.91,24th and Diamond ,-122.436945,37.751396,outside ,2020-04-30
2020-04-30,59.5,0.89,2.83,2.16,2.16,,-62.37,65.05,19390.0,3318 Folsom St. ,-122.413597,37.744755,outside ,2020-04-30
2020-04-30,59.58,1.97,5.62,3.85,3.86,,-66.99,66.59,49745.0,Central SOMA ,-122.394992,37.778191,outside ,2020-04-30
2020-04-30,67.52,1.3,4.04,3.27,3.27,,-58.2,61.21,9822.0,Alamo Square ,-122.433174,37.77509,outside ,2020-04-30
2020-04-30,60.81,2.39,4.3,3.27,3.57,,-52.36,63.26,1913.23,19th St & Guerrero St  ,-122.424406,37.760688,outside ,2020-04-30
2020-04-30,,0.99,2.96,2.26,2.26,,-54.44,,35673.0,Bernal Heights ,-122.415075,37.74154,outside ,2020-04-30
2020-04-30,66.35,0.94,3.45,2.33,2.33,,-64.37,62.34,28197.0,BRSKBV-Outside ,-122.44367,37.753377,outside ,2020-04-30
2020-04-30,61.56,1.11,3.04,2.27,2.28,,-60.88,63.52,9818.0,Castro ,-122.439463,37.761385,outside ,2020-04-30
2020-04-30,66.72,1.99,5.41,4.67,4.67,,-54.55,65.13,46720.0,45th Ave-MR ,-122.50442,37.751562,outside ,2020-04-30
2020-04-30,52.6,1.79,3.79,3.12,3.12,,-62.11,68.6,9810.0,17th Ave ,-122.476532,37.78119,outside ,2020-04-30
2020-04-30,65.49,1.05,3.39,2.52,2.52,,-68.07,61.43,37106.67,66 Cumberland Street ,-122.425023,37.759338,outside ,2020-04-30
2020-04-30,64.15,1.18,4.51,3.02,3.05,,-37.27,64.41,9816.0,By Balboa Park Pool ,-122.44277,37.72714,outside ,2020-04-30
2020-04-30,,2.16,4.58,3.81,3.81,1015.84,,,18351.67,Civic Center,122.44284,37.783122,ish B ,2020-04-30
2020-04-30,53.88,2.04,4.12,3.41,3.42,,-67.74,67.22,9804.0,930 Post ,-122.417252,37.787307,outside ,2020-04-30
2020-04-30,60.64,1.18,3.56,2.52,2.52,,-55.81,66.5,9802.0,23rd & Lake ,-122.482905,37.785605,outside ,2020-04-30
2020-04-30,63.02,1.35,4.19,3.05,3.05,,-58.03,64.58,15144.0,Castle Bosworth ,-122.429299,37.7333,outside ,2020-04-30
2020-04-30,64.05,0.84,4.02,2.42,2.42,,-77.03,64.52,13686.2,Buena Vista ,-122.441907,37.765604,outside ,2020-04-30
2020-04-30,,,,,,,,,,46 Hours ,-122.408059,37.751262,outside ,2020-04-30
